feature,n,stack_mean,training_mean,bias,rmse,correlation,mean_ratio
aet,530,50.51575267402928,50.637267295597475,-0.12151462156821366,5.05915899147698,0.9716123781041721,0.9976002926686615
pet,530,79.26826781417873,79.67436477987421,-0.4060969656954806,6.341456069594561,0.9757948918783392,0.9949030410619846
ppt,530,91.00872365162452,92.1022783018868,-1.0935546502622677,20.752414899140803,0.9496873320492791,0.9881267361630524
tmax,530,16.08571499910274,16.212338207547173,-0.12662320844443187,1.8104788774589873,0.9767711482201212,0.9921897010274874
tmin,530,4.951954066851969,5.077785062893085,-0.12583099604111525,1.6736482758324918,0.9800796178318573,0.9752193142319767
vpd,530,0.6355759845012428,0.6386783018867924,-0.003102317385549715,0.07644141374014055,0.9785339014403606,0.9951425978048968
soil_carbon_stock,423,57.89409255981445,58.198581560283685,-0.3044888697053806,10.480474083548724,0.8872776985065711,0.9947681027216474
clay_content,411,23.323627471923828,23.38734793187348,-0.06372105164539509,4.032692552167376,0.9217550043043307,0.9972754302824216
silt_content,411,35.20499801635742,34.70389294403893,0.5011043506817225,4.149498521829415,0.9132221350949534,1.0144394484251822
sand_content,415,41.59330749511719,42.12096385542168,-0.5276583078683139,6.048298866293977,0.9126240768054149,0.9874728327177971
nitrogen_content,409,5.388852119445801,5.269144254278729,0.11970801563601041,1.3369210775484592,0.9289604901457593,1.0227186539958297
cation_exchange_capacity,395,290.6329040527344,283.0405063291139,7.592403151113776,51.023983857997436,0.9093103133742283,1.0268244210770037
ph_in_water,404,6.105857849121094,6.032673267326732,0.07318421826504247,0.3700658327211601,0.9415094548559255,1.0121313683919753
bulk_density,410,1.1324712038040161,1.1231707317073172,0.009300366698241807,0.07307224726540404,0.9418582845538482,1.008280550618125
coarse_fragments,407,111.47596740722656,107.33415233415234,4.141825200298787,29.945817275690555,0.8639063455915986,1.0385880447462792
soil_moisture,427,0.24747840481309488,0.24746264645945162,1.5758353643225185e-05,0.0003256302780382813,0.9999795855291217,1.000063679726491
elevation,456,872.6505922315039,786.2061403508771,86.44445188062677,449.6129352775792,0.9118061179292194,1.1099513822698552
