{"init_params": {"cat_dims": [], "cat_emb_dim": [], "cat_idxs": [], "clip_value": 1, "device_name": "auto", "epsilon": 1e-15, "gamma": 2.0, "grouped_features": [], "input_dim": 18, "lambda_sparse": 0.01, "mask_type": "entmax", "momentum": 0.02, "n_a": 64, "n_d": 64, "n_indep_decoder": 1, "n_independent": 2, "n_shared": 2, "n_shared_decoder": 1, "n_steps": 6, "optimizer_params": {"lr": 0.02}, "output_dim": 1, "scheduler_params": {"step_size": 50, "gamma": 0.9}, "seed": 42, "verbose": 0}, "class_attrs": {"preds_mapper": null}}